{"visits": [{"user": 19346, "location": 23827, "visited_at": 1072458050, "id": 1000001, "mark": 3}, {"user": 7896, "location": 67887, "visited_at": 1371439206, "id": 1000002, "mark": 3}, {"user": 22031, "location": 20424, "visited_at": 1154977768, "id": 1000003, "mark": 2}, {"user": 45461, "location": 6548, "visited_at": 1332963777, "id": 1000004, "mark": 2}, {"user": 74598, "location": 55889, "visited_at": 1175582064, "id": 1000005, "mark": 1}, {"user": 51397, "location": 71618, "visited_at": 1006478967, "id": 1000006, "mark": 1}, {"user": 3207, "location": 45790, "visited_at": 1415902253, "id": 1000007, "mark": 3}, {"user": 58397, "location": 56367, "visited_at": 1185450248, "id": 1000008, "mark": 3}, {"user": 4488, "location": 20366, "visited_at": 1023978705, "id": 1000009, "mark": 4}, {"user": 81375, "location": 24372, "visited_at": 1408242447, "id": 1000010, "mark": 1}]}